ancien_nom,nouveau_nom
00aef493f858f8def80facc8b219b0a1.jpg,croire_savoir_cercle.jpg
0ddee6c123f4d4b21a06c76b6463b6a5.jpg,unite_courant_croyances.jpg
0fecc1010cdaeb581a070eaffb4764c9.jpg,lieu_tu_sais.jpg
1d467b56e076e0ba4883c77b1974a79b.jpg,pousser_portes_reposer.jpg
2fff8d0640cc00c59a98709a9112e4c0.jpg,auto_validation.jpg
397d925fb5aaaf05d8226075d07bbfe7.jpg,immanent_bricoler_truc.jpg
47ce7f237df398163ebdcd5ce5786fae.jpg,etre_reel_flux.jpg
48f8448a5f5afcba39b7104b729b7c4a.jpg,cerisier_lieu_tu.jpg
54c1c6822735572d2e6ec9f510e05ddf.jpg,danser_spheres_toi.jpg
65567ae3cc3d68a532dfc7011ac40b4a.jpg,croire_savoir_pousser.jpg
6c1430a00eedfdc720fec8eabbedc6a9.jpg,lieu_tu_sais_1.jpg
742f6fae84bb9e89f8dea3fdc03bd773.jpg,pousser_portes_maman.jpg
78fd849a7b597777d494db5211d606a9.jpg,reposer_branches_danser.jpg
7ca051a9448966fd70ad4731e63292ad.jpg,lieu_tu_sais_2.jpg
7e26db6f2f6451b79d1b07fb35d28a33.jpg,bricoler_truc_ensemble.jpg
8a550f792d4fcebe8891f95a134f4944.jpg,immanent_croyances_font.jpg
8a62854a4f6e7efe45d6da2198641d05.jpg,etre_reel_courant.jpg
8dd11e904bc900b74251e28aec5237be.jpg,croyances_font_reel.jpg
8e6d89702c59c7e588540b133607de87.jpg,lieu_tu_sais_3.jpg
9483e3d0212333ffd0bb2692e0d1254d.jpg,danser_spheres_croyances.jpg
99d4051f343642127b842f7afa9d3c88.jpg,courant_partage_danser.jpg
9a152a3d2b50260478558e1eb989b4cf.jpg,immanent_cercle_s.jpg
9f1c26894aa47e0ce4c5a4796f5caea4.jpg,flux_conscience_bricoler.jpg
AVANT-PROPOS.jpg,reposer_branches_maman.jpg
JE SUIS.jpg,grandir_pousser_portes.jpg
KC1.jpg,maman_neant.jpg
KC10.jpg,danser_spheres_pousser.jpg
KC2.jpg,cercle_s_inverse.jpg
KC3.jpg,flux_conscience_unite.jpg
KC4.jpg,danser_spheres_reposer.jpg
KC5.jpg,auto_validation_1.jpg
KC6.jpg,reposer_branches_grandir.jpg
KC7.jpg,cerisier_cercle_s.jpg
KC8.jpg,courant_partage_germe.jpg
KC9.jpg,cerisier_flux_conscience.jpg
Waowfmastr.jpg,lieu_tu_sais_4.jpg
a7b14a9e020d34b34f4762d12c35fb53.jpg,cercle_s_inverse_1.jpg
a988b0fc1556d8f544a82e7b9bc2c44c.jpg,toi_pousser_portes.jpg
aart.jpg,refuge_neant_toi.jpg
abstract.jpg,toi_refuge_neant.jpg
aelo.jpg,courant_partage_lieu.jpg
aerith.jpg,bricoler_truc_ensemble_1.jpg
ange.jpg,cercle_s_inverse_2.jpg
art111.jpg,auto_validation_2.jpg
arto.jpg,croire_savoir_cercle_1.jpg
aur√©ole-femme-flammes.jpg,maman_neant_1.jpg
av.jpg,etre_reel_germe.jpg
b2c2b52908d5cdd4314def9ad0a6aa0d.jpg,courant_partage_unite.jpg
b4c38ef1fe14a03c9595996ac853beb9.jpg,croire_savoir_toi.jpg
be1b95308ecb6baa94d190a907513bba.jpg,courant_partage_auto.jpg
beau.jpg,croyances_font_reel_1.jpg
biblio.jpg,danser_spheres_cercle.jpg
bk2wrk.jpg,auto_validation_3.jpg
bohem.jpg,refuge_neant_lieu.jpg
bohem2.jpg,pousser_portes_courant.jpg
bohem3.jpg,germe_est_toi.jpg
bohem4.jpg,germe_est_toi_1.jpg
bohem5.jpg,auto_validation_4.jpg
bohem6.jpg,danser_spheres_cercle_1.jpg
brain.jpg,flux_conscience_germe.jpg
c72d400eb3dd5de27d5950744baffa30.jpg,unite_courant_croyances_1.jpg
c757abd4003072f9141ad5181235a84b.jpg,cercle_s_inverse_3.jpg
c811b0b9de65b8d9604e64e09699b9db.jpg,germe_est_toi_2.jpg
c9b03d5f9162d25133a544b16caba35a.jpg,toi_lieu_tu.jpg
cat.jpg,toi_reposer_branches.jpg
catw.jpg,courant_partage_cerisier.jpg
cer77.jpg,lieu_tu_sais_5.jpg
ceris2.jpg,auto_validation_5.jpg
cha-bli.jpg,flux_conscience_immanent.jpg
cha-pin.jpg,croire_savoir_croyances.jpg
chack.jpg,unite_courant_etre.jpg
checksame.jpg,reposer_branches_cerisier.jpg
chiens.jpg,germe_est_toi_3.jpg
cinys.jpg,unite_courant_immanent.jpg
couple.jpg,etre_reel_croyances.jpg
couple2.jpg,germe_est_toi_4.jpg
courant.jpg,bricoler_truc_ensemble_2.jpg
cute.jpg,danser_spheres_immanent.jpg
cutie.jpg,reposer_branches_grandir_1.jpg
cyn4.jpg,courant_partage_auto_1.jpg
cynis3.jpg,courant_partage_toi.jpg
cynisme.jpg,cerisier_courant_partage.jpg
da4699070358e0d9bc9fb3755812d22f.jpg,cercle_s_inverse_4.jpg
deep.jpg,grandir_croire_savoir.jpg
e1e372a4bd9ba423b64447c239f6e930.jpg,lieu_tu_sais_6.jpg
e241b173b0dd14c689ae1c2a7c5705cd.jpg,maman_neant_2.jpg
e9e717c82d8fe249f71279272d7859e4.jpg,maman_neant_3.jpg
earth.jpg,germe_est_toi_5.jpg
f4a863ffddfeadce5c3f411873099de8.jpg,reposer_branches_unite.jpg
fcab6e796b3ded6138043c13980d4ada.jpg,croire_savoir_etre.jpg
femast.jpg,courant_partage_pousser.jpg
femme.jpg,croyances_font_reel_2.jpg
flamme-conscience.jpg,toi_pousser_portes_1.jpg
flower water.jpg,flux_conscience_lieu.jpg
flower.jpg,toi_auto.jpg
heartwow.jpg,maman_neant_4.jpg
intuitiv.jpg,bricoler_truc_ensemble_3.jpg
lac-matin-brume.jpg,toi_croyances_font.jpg
littletalk.jpg,cerisier_cercle_s_1.jpg
magne.jpg,croyances_font_reel_3.jpg
mandala_conscience.jpg,danser_spheres_bricoler.jpg
meditation_cerisier.jpg,auto_validation_6.jpg
meditation_oceanique.jpg,flux_conscience_maman.jpg
mimimalistcode.jpg,refuge_neant_maman.jpg
monster.jpg,grandir_lieu_tu.jpg
montagne-reelle.jpg,croire_savoir_maman.jpg
mystery_web.jpg,auto_validation_7.jpg
ok.jpg,courant_partage_croyances.jpg
oldman.jpg,lieu_tu_sais_7.jpg
pluie_etoiles.jpg,grandir_refuge_neant.jpg
poeme_lac.jpg,lieu_tu_sais_8.jpg
pont_contemplation.jpg,etre_reel_croire.jpg
portail_lunaire.jpg,germe_est_toi_6.jpg
porte_fissuree.jpg,toi_courant_partage.jpg
portrait_clair_obscur.jpg,pousser_portes_croire.jpg
real4church.jpg,lieu_tu_sais_9.jpg
ref415.jpg,cerisier_croyances_font.jpg
refuge_automne.jpg,refuge_neant_immanent.jpg
refuge_cerisier_aube.jpg,immanent_cerisier.jpg
refuge_etoiles.jpg,etre_reel_cercle.jpg
refuge_realiste1.jpg,immanent_toi.jpg
refuge_realiste2.jpg,germe_est_toi_7.jpg
refuge_realiste3.jpg,courant_partage_danser_1.jpg
refuge_realiste4.jpg,lieu_tu_sais_10.jpg
refuge_realiste5.jpg,etre_reel_grandir.jpg
refuge_realiste6.jpg,bricoler_truc_ensemble_4.jpg
refuge_realiste7.jpg,auto_validation_8.jpg
refuge_realiste8.jpg,toi_danser_spheres.jpg
refuge_temple.jpg,danser_spheres_grandir.jpg
rencontre_crepuscule.jpg,lieu_tu_sais_11.jpg
rencontre_sacree.jpg,croire_savoir_pousser_1.jpg
rose_obscure.jpg,unite_courant_danser.jpg
sanctuaire-fleurs-nuit.jpg,germe_est_toi_8.jpg
sous-le-cerisier.jpg,immanent_lieu_tu.jpg
sphere.jpg,grandir_cerisier.jpg
sphere_cerisier.jpg,cerisier_cercle_s_2.jpg
star.jpg,lieu_tu_sais_12.jpg
sugestive.jpg,reposer_branches_etre.jpg
sun.jpg,cercle_s_inverse_5.jpg
temps_eclate.jpg,maman_neant_5.jpg
torche-solaire-femme.jpg,bricoler_truc_ensemble_5.jpg
tree.jpg,refuge_neant_croire.jpg
treehid.jpg,lieu_tu_sais_13.jpg
treehouse.jpg,germe_est_toi_9.jpg
treeplane.jpg,refuge_neant_lieu_1.jpg
unif.jpg,refuge_neant_auto.jpg
union_ames.jpg,maman_neant_6.jpg
union_solaire.jpg,etre_reel_pousser.jpg
vieux_monsieur.jpg,maman_neant_7.jpg
voie-lactee-contemplation.jpg,croire_savoir_flux.jpg
weird.jpg,flux_conscience_unite_1.jpg
weird2.jpg,croyances_font_reel_4.jpg
weirdtextaerth.jpg,etre_reel_croire_1.jpg
wow-2.jpg,lieu_tu_sais_14.jpg
wow-3.jpg,courant_partage_refuge.jpg
wow.jpg,lieu_tu_sais_15.jpg
wow4.jpg,maman_neant_8.jpg
wow79.jpg,croyances_font_reel_5.jpg
